[
{
  "model": "analysis.material",
  "pk": 16,
  "fields": {
    "material_id": "panelblue",
    "galvo_start": 25000,
    "galvo_end": 30000,
    "scanNum_start": 3802848792,
    "scanNum_end": 3802902317
  }
},
{
  "model": "analysis.material",
  "pk": 17,
  "fields": {
    "material_id": "fence",
    "galvo_start": 21578,
    "galvo_end": 24729,
    "scanNum_start": 3803028704,
    "scanNum_end": 3803044363
  }
},
{
  "model": "analysis.material",
  "pk": 18,
  "fields": {
    "material_id": "piglet",
    "galvo_start": 29470,
    "galvo_end": 32545,
    "scanNum_start": 3803027073,
    "scanNum_end": 3803042735
  }
},
{
  "model": "analysis.material",
  "pk": 19,
  "fields": {
    "material_id": "piglet",
    "galvo_start": 29629,
    "galvo_end": 33008,
    "scanNum_start": 3803013003,
    "scanNum_end": 3803026302
  }
},
{
  "model": "analysis.material",
  "pk": 20,
  "fields": {
    "material_id": "hog",
    "galvo_start": 43827,
    "galvo_end": 48612,
    "scanNum_start": 3811733305,
    "scanNum_end": 3812129990
  }
},
{
  "model": "analysis.material",
  "pk": 21,
  "fields": {
    "material_id": "hog",
    "galvo_start": 33247,
    "galvo_end": 36511,
    "scanNum_start": 3810587028,
    "scanNum_end": 3810682759
  }
},
{
  "model": "analysis.material",
  "pk": 22,
  "fields": {
    "material_id": "panelblue",
    "galvo_start": 52963,
    "galvo_end": 61458,
    "scanNum_start": 3809347311,
    "scanNum_end": 3809441066
  }
},
{
  "model": "analysis.material",
  "pk": 23,
  "fields": {
    "material_id": "goat",
    "galvo_start": 53391,
    "galvo_end": 61529,
    "scanNum_start": 3813727981,
    "scanNum_end": 3813795019
  }
},
{
  "model": "analysis.material",
  "pk": 24,
  "fields": {
    "material_id": "goat",
    "galvo_start": 30931,
    "galvo_end": 39522,
    "scanNum_start": 3814286725,
    "scanNum_end": 3814339255
  }
},
{
  "model": "analysis.material",
  "pk": 25,
  "fields": {
    "material_id": "goat",
    "galvo_start": 50781,
    "galvo_end": 57496,
    "scanNum_start": 3814207562,
    "scanNum_end": 3814238277
  }
},
{
  "model": "analysis.material",
  "pk": 26,
  "fields": {
    "material_id": "horse",
    "galvo_start": 23028,
    "galvo_end": 31735,
    "scanNum_start": 3817914013,
    "scanNum_end": 3818018547
  }
},
{
  "model": "analysis.material",
  "pk": 28,
  "fields": {
    "material_id": "vegetation",
    "galvo_start": 56963,
    "galvo_end": 62236,
    "scanNum_start": 3817915529,
    "scanNum_end": 3818022364
  }
},
{
  "model": "analysis.material",
  "pk": 30,
  "fields": {
    "material_id": "cow",
    "galvo_start": 58420,
    "galvo_end": 63740,
    "scanNum_start": 3819492441,
    "scanNum_end": 3819539040
  }
},
{
  "model": "analysis.material",
  "pk": 31,
  "fields": {
    "material_id": "cow",
    "galvo_start": 37283,
    "galvo_end": 40107,
    "scanNum_start": 3819081737,
    "scanNum_end": 3819109630
  }
},
{
  "model": "analysis.material",
  "pk": 32,
  "fields": {
    "material_id": "cow",
    "galvo_start": 47458,
    "galvo_end": 56080,
    "scanNum_start": 3820209717,
    "scanNum_end": 3820252233
  }
},
{
  "model": "analysis.material",
  "pk": 33,
  "fields": {
    "material_id": "vegetation",
    "galvo_start": 29335,
    "galvo_end": 41312,
    "scanNum_start": 3819005121,
    "scanNum_end": 3819039490
  }
},
{
  "model": "analysis.material",
  "pk": 34,
  "fields": {
    "material_id": "plasticpanel",
    "galvo_start": 21201,
    "galvo_end": 27594,
    "scanNum_start": 3854040947,
    "scanNum_end": 3854091704
  }
},
{
  "model": "analysis.material",
  "pk": 35,
  "fields": {
    "material_id": "plywood",
    "galvo_start": 27089,
    "galvo_end": 31085,
    "scanNum_start": 3856149491,
    "scanNum_end": 3856185223
  }
},
{
  "model": "analysis.material",
  "pk": 36,
  "fields": {
    "material_id": "plasticpanel",
    "galvo_start": 31428,
    "galvo_end": 37981,
    "scanNum_start": 3856091655,
    "scanNum_end": 3856114077
  }
},
{
  "model": "analysis.classifier",
  "pk": 1,
  "fields": {
    "polymorphic_ctype": 7,
    "name": "FirstResdan"
  }
},
{
  "model": "analysis.classifier",
  "pk": 2,
  "fields": {
    "polymorphic_ctype": 7,
    "name": "SecondResdan"
  }
},
{
  "model": "analysis.classifier",
  "pk": 3,
  "fields": {
    "polymorphic_ctype": 7,
    "name": "ThirdResdan"
  }
},
{
  "model": "analysis.classifier",
  "pk": 4,
  "fields": {
    "polymorphic_ctype": 7,
    "name": "FenceResdan"
  }
},
{
  "model": "analysis.classifier",
  "pk": 5,
  "fields": {
    "polymorphic_ctype": 7,
    "name": "HogResdan"
  }
},
{
  "model": "analysis.classifier",
  "pk": 7,
  "fields": {
    "polymorphic_ctype": 8,
    "name": "SiameseProto"
  }
},
{
  "model": "analysis.classifier",
  "pk": 9,
  "fields": {
    "polymorphic_ctype": 9,
    "name": "SampleNclass"
  }
},
{
  "model": "analysis.classifier",
  "pk": 10,
  "fields": {
    "polymorphic_ctype": 8,
    "name": "SiameseFull"
  }
},
{
  "model": "analysis.resdan",
  "pk": 1,
  "fields": {
    "static_threshold": 0.1,
    "n_components": null,
    "materials": [
      17,
      18,
      19,
      20,
      21,
      24,
      25,
      26,
      28,
      30,
      32,
      33,
      31,
      23,
      35,
      34,
      22,
      16,
      36
    ]
  }
},
{
  "model": "analysis.resdan",
  "pk": 2,
  "fields": {
    "static_threshold": 0.1,
    "n_components": 100,
    "materials": [
      17,
      18,
      19,
      20,
      21,
      24,
      25,
      26,
      28,
      30,
      32,
      33,
      31,
      23,
      35,
      34,
      22,
      16,
      36
    ]
  }
},
{
  "model": "analysis.resdan",
  "pk": 3,
  "fields": {
    "static_threshold": 0.1,
    "n_components": 25,
    "materials": [
      32,
      33,
      16,
      17,
      18,
      19,
      20,
      21,
      22,
      23,
      24,
      25,
      26,
      28,
      30,
      31,
      34,
      35,
      36
    ]
  }
},
{
  "model": "analysis.resdan",
  "pk": 4,
  "fields": {
    "static_threshold": 0.1,
    "n_components": null,
    "materials": [
      16,
      17,
      28,
      33
    ]
  }
},
{
  "model": "analysis.resdan",
  "pk": 5,
  "fields": {
    "static_threshold": 0.1,
    "n_components": null,
    "materials": [
      33,
      16,
      17,
      20,
      21,
      22,
      28
    ]
  }
},
{
  "model": "analysis.siamese",
  "pk": 7,
  "fields": {
    "materials": [
      17,
      16,
      33,
      28,
      22,
      26,
      18,
      19,
      20,
      21,
      32,
      34,
      35,
      36,
      23,
      24,
      25,
      30,
      31
    ]
  }
},
{
  "model": "analysis.siamese",
  "pk": 10,
  "fields": {
    "materials": [
      16,
      17,
      18,
      19,
      20,
      21,
      22,
      23,
      24,
      25,
      26,
      28,
      30,
      31,
      32,
      33,
      34,
      35,
      36
    ]
  }
},
{
  "model": "analysis.nclass",
  "pk": 9,
  "fields": {
    "materials": [
      16,
      17,
      18,
      19,
      20,
      21,
      22,
      23,
      24,
      25,
      26,
      28,
      30,
      31,
      32,
      33,
      34,
      35,
      36
    ]
  }
}
]
