[{"model": "analysis.siamese", "pk": 7, "fields": {"dynamic_scale": false, "materials": [17, 16, 33, 28, 22, 26, 18, 19, 20, 21, 32, 34, 35, 36, 23, 24, 25, 30, 31]}}, {"model": "analysis.siamese", "pk": 10, "fields": {"dynamic_scale": false, "materials": [16, 17, 18, 19, 20, 21, 22, 23, 24, 25, 26, 28, 30, 31, 32, 33, 34, 35, 36]}}, {"model": "analysis.siamese", "pk": 11, "fields": {"dynamic_scale": true, "materials": [16, 17, 18, 19, 20, 21, 22, 23, 24, 25, 26, 28, 30, 31, 32, 33, 34, 35, 36]}}]